<?xml version="1.0" encoding="utf-8"?>
<list>
  <fight>
    <attacker>
      <playerid></playerid>
      <playername />
      <playerlevel>1</playerlevel>
    </attacker>
    <defender>
      <playerid></playerid>
      <playername>势力势力</playername>
      <playerlevel>1</playerlevel>
    </defender>
    <battlereport>
      <winp>0.75</winp>
      <winside>1</winside>
      <attlost>120</attlost>
      <deflost>200</deflost>
      <fround>0</fround>
      <message>攻占城池！</message>
      <report>Gong|鱼鳞阵|2|0|0|0|0|0|赵林|1|2402|200|200|0|0|0|0|0|0|0|0|0|0|0|0|0|0|0|0|0|0|0|0|0|0|0|0|0|0|0|0|0|0|0|0|0|0|0;Fang|鱼鳞阵|2|0|0|0|0|0|黄巾部将|1|1101|200|200|0|0|0|0|0|0|0|0|0|0|0|0|0|0|0|0|0|0|0|0|0|0|0|0|0|0|0|0|0|0|0|0|0|0|0;攻击|12|22|普通|22|伤害|40|12|士气|40;攻击|22|12|普通|12|伤害|120;攻击|12|22|暴击|22|伤害|60|12|士气|30;攻击|22|12|普通|12|回避|1|12|士气|40;战法|12|22|擒贼擒王|22|伤害|100;</report>
      <pic>null|zhaolin|null|null|null|null|null|null|null|null|junguan|null|null|null|null|null|null|null|</pic>
    </battlereport>
  </fight>
  <fight>
    <attacker>
      <playerid></playerid>
      <playername />
      <playerlevel>1</playerlevel>
    </attacker>
    <defender>
      <playerid></playerid>
      <playername>黄巾势力</playername>
      <playerlevel>1</playerlevel>
    </defender>
    <battlereport>
      <winp>0.75</winp>
      <winside>1</winside>
      <attlost>120</attlost>
      <deflost>200</deflost>
      <fround>0</fround>
      <message>攻占城池！</message>
      <report>Gong|鱼鳞阵|2|0|0|0|0|0|钱涛|1|2409|200|200|0|0|0|0|0|0|0|0|0|0|0|0|0|0|0|0|0|0|0|0|0|0|0|0|0|0|0|0|0|0|0|0|0|0|0;Fang|鱼鳞阵|2|0|0|0|0|0|黄巾部将|1|1101|200|200|0|0|0|0|0|0|0|0|0|0|0|0|0|0|0|0|0|0|0|0|0|0|0|0|0|0|0|0|0|0|0|0|0|0|0;攻击|12|22|普通|22|伤害|40|12|士气|40;攻击|22|12|普通|12|伤害|120;攻击|12|22|暴击|22|伤害|60|12|士气|30;攻击|22|12|普通|12|回避|1|12|士气|40;战法|12|22|铁甲冲锋|22|伤害|100;</report>
      <pic>null|qiantao|null|null|null|null|null|null|null|null|junguan|null|null|null|null|null|null|null|</pic>
    </battlereport>
  </fight>
  <fight>
    <attacker>
      <playerid></playerid>
      <playername />
      <playerlevel>1</playerlevel>
    </attacker>
    <defender>
      <playerid></playerid>
      <playername>黄巾势力</playername>
      <playerlevel>1</playerlevel>
    </defender>
    <battlereport>
      <winp>0.75</winp>
      <winside>1</winside>
      <attlost>120</attlost>
      <deflost>200</deflost>
      <fround>0</fround>
      <message>攻占城池！</message>
      <report>Gong|鱼鳞阵|2|0|0|0|0|0|孙成|1|3403|200|200|0|0|0|0|0|0|0|0|0|0|0|0|0|0|0|0|0|0|0|0|0|0|0|0|0|0|0|0|0|0|0|0|0|0|0;Fang|鱼鳞阵|2|0|0|0|0|0|黄巾部将|1|1101|200|200|0|0|0|0|0|0|0|0|0|0|0|0|0|0|0|0|0|0|0|0|0|0|0|0|0|0|0|0|0|0|0|0|0|0|0;攻击|12|22|普通|22|伤害|40|12|士气|40;攻击|22|12|普通|12|伤害|120;攻击|12|22|暴击|22|伤害|60|12|士气|30;攻击|22|12|普通|12|回避|1|12|士气|40;战法|12|22|战争吼叫|22|伤害|100;</report>
      <pic>null|suncheng|null|null|null|null|null|null|null|null|junguan|null|null|null|null|null|null|null|</pic>
    </battlereport>
  </fight>
  <fight>
    <attacker>
      <playerid></playerid>
      <playername />
      <playerlevel>1</playerlevel>
    </attacker>
    <defender>
      <playerid></playerid>
      <playername>黄巾势力</playername>
      <playerlevel>1</playerlevel>
    </defender>
    <battlereport>
      <winp>0.75</winp>
      <winside>1</winside>
      <attlost>120</attlost>
      <deflost>200</deflost>
      <fround>0</fround>
      <message>攻占城池！</message>
      <report>Gong|鱼鳞阵|2|0|0|0|0|0|李立|1|1403|200|200|0|0|0|0|0|0|0|0|0|0|0|0|0|0|0|0|0|0|0|0|0|0|0|0|0|0|0|0|0|0|0|0|0|0|0;Fang|鱼鳞阵|2|0|0|0|0|0|黄巾部将|1|1101|200|200|0|0|0|0|0|0|0|0|0|0|0|0|0|0|0|0|0|0|0|0|0|0|0|0|0|0|0|0|0|0|0|0|0|0|0;攻击|12|22|普通|22|伤害|40|12|士气|40;攻击|22|12|普通|12|伤害|120;攻击|12|22|暴击|22|伤害|60|12|士气|30;攻击|22|12|普通|12|回避|1|12|士气|40;战法|12|22|密集阵形|22|伤害|100;</report>
      <pic>null|lili|null|null|null|null|null|null|null|null|junguan|null|null|null|null|null|null|null|</pic>
    </battlereport>
  </fight>
  <fight>
    <attacker>
      <playerid></playerid>
      <playername />
      <playerlevel>1</playerlevel>
    </attacker>
    <defender>
      <playerid></playerid>
      <playername>黄巾势力</playername>
      <playerlevel>1</playerlevel>
    </defender>
    <battlereport>
      <winp>0.75</winp>
      <winside>1</winside>
      <attlost>120</attlost>
      <deflost>200</deflost>
      <fround>0</fround>
      <message>攻占城池！</message>
      <report>Gong|鱼鳞阵|2|0|0|0|0|0|周月|1|1405|200|200|0|0|0|0|0|0|0|0|0|0|0|0|0|0|0|0|0|0|0|0|0|0|0|0|0|0|0|0|0|0|0|0|0|0|0;Fang|鱼鳞阵|2|0|0|0|0|0|黄巾部将|1|1101|200|200|0|0|0|0|0|0|0|0|0|0|0|0|0|0|0|0|0|0|0|0|0|0|0|0|0|0|0|0|0|0|0|0|0|0|0;攻击|12|22|普通|22|伤害|40|12|士气|40;攻击|22|12|普通|12|伤害|120;攻击|12|22|暴击|22|伤害|60|12|士气|30;攻击|22|12|普通|12|回避|1|12|士气|40;战法|12|22|星夜突袭|22|伤害|100;</report>
      <pic>null|zhouyue|null|null|null|null|null|null|null|null|junguan|null|null|null|null|null|null|null|</pic>
    </battlereport>
  </fight>
  <fight>
    <attacker>
      <playerid></playerid>
      <playername />
      <playerlevel>1</playerlevel>
    </attacker>
    <defender>
      <playerid></playerid>
      <playername>黄巾势力</playername>
      <playerlevel>1</playerlevel>
    </defender>
    <battlereport>
      <winp>0.75</winp>
      <winside>1</winside>
      <attlost>120</attlost>
      <deflost>200</deflost>
      <fround>0</fround>
      <message>攻占城池！</message>
      <report>Gong|鱼鳞阵|2|0|0|0|0|0|吴娜|1|2405|200|200|0|0|0|0|0|0|0|0|0|0|0|0|0|0|0|0|0|0|0|0|0|0|0|0|0|0|0|0|0|0|0|0|0|0|0;Fang|鱼鳞阵|2|0|0|0|0|0|黄巾部将|1|1101|200|200|0|0|0|0|0|0|0|0|0|0|0|0|0|0|0|0|0|0|0|0|0|0|0|0|0|0|0|0|0|0|0|0|0|0|0;攻击|12|22|普通|22|伤害|40|12|士气|40;攻击|22|12|普通|12|伤害|120;攻击|12|22|暴击|22|伤害|60|12|士气|30;攻击|22|12|普通|12|回避|1|12|士气|40;战法|12|22|声东击西|22|伤害|100;</report>
      <pic>null|wuna|null|null|null|null|null|null|null|null|junguan|null|null|null|null|null|null|null|</pic>
    </battlereport>
  </fight>
  <fight>
    <attacker>
      <playerid></playerid>
      <playername />
      <playerlevel>1</playerlevel>
    </attacker>
    <defender>
      <playerid></playerid>
      <playername>黄巾势力</playername>
      <playerlevel>1</playerlevel>
    </defender>
    <battlereport>
      <winp>0.75</winp>
      <winside>1</winside>
      <attlost>120</attlost>
      <deflost>200</deflost>
      <fround>0</fround>
      <message>攻占城池！</message>
      <report>Gong|鱼鳞阵|2|0|0|0|0|0|郑冰|1|3404|200|200|0|0|0|0|0|0|0|0|0|0|0|0|0|0|0|0|0|0|0|0|0|0|0|0|0|0|0|0|0|0|0|0|0|0|0;Fang|鱼鳞阵|2|0|0|0|0|0|黄巾部将|1|1101|200|200|0|0|0|0|0|0|0|0|0|0|0|0|0|0|0|0|0|0|0|0|0|0|0|0|0|0|0|0|0|0|0|0|0|0|0;攻击|12|22|普通|22|伤害|40|12|士气|40;攻击|22|12|普通|12|伤害|120;攻击|12|22|暴击|22|伤害|60|12|士气|30;攻击|22|12|普通|12|回避|1|12|士气|40;战法|12|22|十面埋伏|22|伤害|100;</report>
      <pic>null|zhengbing|null|null|null|null|null|null|null|null|junguan|null|null|null|null|null|null|null|</pic>
    </battlereport>
  </fight>
  <fight>
    <attacker>
      <playerid></playerid>
      <playername />
      <playerlevel>1</playerlevel>
    </attacker>
    <defender>
      <playerid></playerid>
      <playername>黄巾势力</playername>
      <playerlevel>1</playerlevel>
    </defender>
    <battlereport>
      <winp>0.75</winp>
      <winside>1</winside>
      <attlost>120</attlost>
      <deflost>200</deflost>
      <fround>0</fround>
      <message>攻占城池！</message>
      <report>Gong|鱼鳞阵|2|0|0|0|0|0|王馨|1|2408|200|200|0|0|0|0|0|0|0|0|0|0|0|0|0|0|0|0|0|0|0|0|0|0|0|0|0|0|0|0|0|0|0|0|0|0|0;Fang|鱼鳞阵|2|0|0|0|0|0|黄巾部将|1|1101|200|200|0|0|0|0|0|0|0|0|0|0|0|0|0|0|0|0|0|0|0|0|0|0|0|0|0|0|0|0|0|0|0|0|0|0|0;攻击|12|22|普通|22|伤害|40|12|士气|40;攻击|22|12|普通|12|伤害|120;攻击|12|22|暴击|22|伤害|60|12|士气|30;攻击|22|12|普通|12|回避|1|12|士气|40;战法|12|22|全面出击|22|伤害|100;</report>
      <pic>null|wangxin|null|null|null|null|null|null|null|null|junguan|null|null|null|null|null|null|null|</pic>
    </battlereport>
  </fight>
</list>
